{
    "MoJoFM": 0.8926000000000001,
    "a2a": 0.9485407066052227,
    "ARI": 0.6923104074535129,
    "a2a_adj": 0.7799731710859958,
    "c2c_cvg_66": 0.6153846153846154,
    "c2c_cvg_50": 0.6923076923076923
}