{
    "bash-4.2": {
        "MoJoFM": 0.6275,
        "a2a": 0.8649045521292218,
        "ARI": 0.2987535879747743,
        "a2a_adj": 0.5356210036512374,
        "c2c_cvg_66": 0.11627906976744186,
        "c2c_cvg_50": 0.13953488372093023
    },
    "average": {
        "MoJoFM": 0.6275,
        "a2a": 0.8649045521292218,
        "ARI": 0.2987535879747743,
        "a2a_adj": 0.5356210036512374,
        "c2c_cvg_66": 0.11627906976744186,
        "c2c_cvg_50": 0.13953488372093023
    }
}